{
  "id": "2221629",
  "name": "yuta",
  "font_family": "iconfont",
  "css_prefix_text": "icon-",
  "description": "",
  "glyphs": [
    {
      "icon_id": "2362315",
      "name": "记事本",
      "font_class": "jishiben",
      "unicode": "e603",
      "unicode_decimal": 58883
    },
    {
      "icon_id": "2799924",
      "name": "日历",
      "font_class": "rili",
      "unicode": "e616",
      "unicode_decimal": 58902
    },
    {
      "icon_id": "7969082",
      "name": "我的日记",
      "font_class": "woderiji",
      "unicode": "ebf5",
      "unicode_decimal": 60405
    },
    {
      "icon_id": "9192752",
      "name": "纪念日",
      "font_class": "jinianri",
      "unicode": "e604",
      "unicode_decimal": 58884
    },
    {
      "icon_id": "10134882",
      "name": "聊天",
      "font_class": "liaotian",
      "unicode": "e606",
      "unicode_decimal": 58886
    },
    {
      "icon_id": "3920026",
      "name": "首页",
      "font_class": "wemen",
      "unicode": "e600",
      "unicode_decimal": 58880
    },
    {
      "icon_id": "6463408",
      "name": "社区",
      "font_class": "shequ",
      "unicode": "e601",
      "unicode_decimal": 58881
    },
    {
      "icon_id": "9138861",
      "name": "社区",
      "font_class": "shequ1",
      "unicode": "e605",
      "unicode_decimal": 58885
    },
    {
      "icon_id": "14000454",
      "name": "社区",
      "font_class": "women1",
      "unicode": "e602",
      "unicode_decimal": 58882
    },
    {
      "icon_id": "14362078",
      "name": "我的",
      "font_class": "wode",
      "unicode": "e611",
      "unicode_decimal": 58897
    },
    {
      "icon_id": "14983741",
      "name": "我的",
      "font_class": "wode1",
      "unicode": "e666",
      "unicode_decimal": 58982
    }
  ]
}
